Dates,,Bank rate,Chartered bank administered interest rates - Prime rate 1,Chartered bank - consumer loan rate (Terminated) 1 2,"Forward premium or discount (-), United States dollars in Canada: 1 month (Terminated)","Forward premium or discount (-), United States dollars in Canada: 3 month (Terminated)",Prime corporate paper rate: 1 month (Terminated) 3 4,Prime corporate paper rate: 2 month (Terminated) 3 4,Prime corporate paper rate: 3 month (Terminated) 3 4,Bankers' acceptances: 1 month (Terminated) 4 5,Bankers' acceptances: 2 month (Terminated) 4 5,Bankers' acceptances: 3 month (Terminated) 4 5,"Overnight money market financing, 7 day average 6",Selected Government of Canada benchmark bond yields: 2 year,Selected Government of Canada benchmark bond yields: 3 year,Selected Government of Canada benchmark bond yields: 5 year,Selected Government of Canada benchmark bond yields: 7 year,Selected Government of Canada benchmark bond yields: 10 year,Selected Government of Canada benchmark bond yields: long term,"Government of Canada marketable bonds, average yield: 1-3 year 7","Government of Canada marketable bonds, average yield: 3-5 year 7","Government of Canada marketable bonds, average yield: 5-10 year 7","Government of Canada marketable bonds, average yield: over 10 years 7",Chartered banks - 90 day term deposits 1,Chartered bank - conventional mortgage: 1 year 1,Chartered bank - conventional mortgage: 3 year 1,Chartered bank - conventional mortgage: 5 year,Chartered bank - 5 year personal fixed term 1,"Chartered bank - daily interest savings (balance over $100,000) 1",Chartered bank - non-chequable savings deposit 1,Chartered bank - Guaranteed Investment Certificates: 1 year 1,Chartered bank - Guaranteed Investment Certificates: 3 year 1,Chartered bank - Guaranteed Investment Certificates: 5 year 1,Treasury Bills: 1 month,Treasury Bills: 2 month,Treasury Bills: 3 month,Treasury Bills: 6 month,Treasury Bills: 1 year,"Real return bonds, long-term"
11-Sep-19,,2,3.95,10.00t,..t,..t,..t,..t,..t,..t,..t,..t,1.7475,1.58,1.52,1.43,1.43,1.42,1.63,1.59,1.47,1.42,1.61,0.05,3.64,3.94,5.19,1.45,0.05,0.05,1.35,1.8,2,1.64,1.63,1.62,1.66,1.7,0.39
18-Sep-19,,2,3.95,10.00t,..t,..t,..t,..t,..t,..t,..t,..t,1.7478,1.6,1.54,1.46,1.45,1.43,1.59,1.61,1.48,1.44,1.58,0.05,3.64,3.94,5.19,1.45,0.05,0.05,1.35,1.8,2,1.63,1.63,1.63,1.67,1.71,0.33
25-Sep-19,,2,3.95,10.00t,..t,..t,..t,..t,..t,..t,..t,..t,1.7454,1.58,1.52,1.42,1.41,1.39,1.57,1.59,1.46,1.4,1.54,0.05,3.64,3.94,5.19,1.45,0.05,0.05,1.35,1.8,2,1.64,1.65,1.64,1.65,1.7,0.3
02-Oct-19,,2,3.95,10.00t,..t,..t,..t,..t,..t,..t,..t,..t,1.7471,1.49,1.43,1.34,1.32,1.32,1.49,1.5,1.37,1.32,1.47,0.05,3.64,3.94,5.19,1.45,0.05,0.05,1.35,1.8,2,1.63,1.65,1.63,1.67,1.69,0.26
09-Oct-19,,2,3.95,10.00t,..t,..t,..t,..t,..t,..t,..t,..t,1.7489,1.47,1.41,1.32,1.31,1.31,1.51,1.49,1.35,1.31,1.48,0.05,3.64,3.94,5.19,1.45,0.05,0.05,1.35,1.8,2,1.65,1.64,1.63,1.65,1.65,0.3
16-Oct-19,,2,3.95,10.00t,..t,..t,..t,..t,..t,..t,..t,..t,1.7482,1.67,1.62,1.56,1.55,1.55,1.67,1.67,1.58,1.56,1.66,0.05,3.64,3.94,5.19,1.45,0.05,0.05,1.35,1.8,2,1.67,1.64,1.7,1.69,1.73,0.44
23-Oct-19,,2,3.95,10.00t,..t,..t,..t,..t,..t,..t,..t,..t,1.7479,1.62,1.6,1.53,1.52,1.52,1.62,1.65,1.55,1.53,1.61,0.05,3.64,3.94,5.19,1.45,0.05,0.05,1.35,1.8,2,1.68,1.69,1.65,1.68,1.72,0.4
30-Oct-19,,2,3.95,10.00t,..t,..t,..t,..t,..t,..t,..t,..t,1.7472,1.56,1.54,1.46,1.45,1.45,1.6,1.59,1.48,1.46,1.6,0.05,3.64,3.94,5.19,1.45,0.05,0.05,1.35,1.8,2,1.69,1.7,1.66,1.71,1.73,0.38
06-Nov-19,,2,3.95,10.00t,..t,..t,..t,..t,..t,..t,..t,..t,1.7482,1.59,1.57,1.53,1.53,1.54,1.68,1.61,1.55,1.54,1.67,0.05,3.64,3.94,5.19,1.45,0.05,0.05,1.35,1.8,2,1.68,1.67,1.67,1.69,1.7,0.41
13-Nov-19,,2,3.95,10.00t,..t,..t,..t,..t,..t,..t,..t,..t,1.7489,1.57,1.57,1.54,1.54,1.55,1.69,1.59,1.55,1.55,1.68,0.05,3.64,3.94,5.19,1.45,0.05,0.05,1.35,1.8,2,1.7,1.69,1.66,1.69,1.69,0.4
20-Nov-19,,2,3.95,9.49t,..t,..t,..t,..t,..t,..t,..t,..t,1.7482,1.51,1.5,1.43,1.43,1.42,1.54,1.54,1.46,1.43,1.53,0.05,3.64,3.94,5.19,1.45,0.05,0.05,1.35,1.8,2,1.66,1.66,1.66,1.66,1.66,0.27
27-Nov-19,,2,3.95,9.49t,..t,..t,..t,..t,..t,..t,..t,..t,1.7487,1.6,1.58,1.51,1.5,1.47,1.58,1.62,1.54,1.5,1.57,0.05,3.64,3.94,5.19,1.45,0.05,0.05,1.35,1.8,2,1.67,1.66,1.66,1.69,1.71,0.31
04-Dec-19,,2,3.95,9.49t,..t,..t,..t,..t,..t,..t,..t,..t,1.7482,1.63,1.62,1.57,1.56,1.54,1.62,1.66,1.58,1.56,1.62,0.05,3.64,3.94,5.19,1.45,0.05,0.05,1.35,1.8,2,1.68,1.65,1.66,1.69,1.72,0.33
11-Dec-19,,2,3.95,9.49t,..t,..t,..t,..t,..t,..t,..t,..t,1.7484,1.66,1.64,1.59,1.59,1.58,1.68,1.67,1.61,1.6,1.67,0.05,3.64,3.94,5.19,1.45,0.05,0.05,1.35,1.8,2,1.65,1.69,1.65,1.69,1.74,0.39
18-Dec-19,,2,3.95,9.49t,..t,..t,..t,..t,..t,..t,..t,..t,1.7488,1.73,1.72,1.7,1.69,1.69,1.75,1.74,1.7,1.71,1.75,0.05,3.64,3.94,5.19,1.45,0.05,0.05,1.35,1.8,2,1.67,1.69,1.66,1.75,1.77,0.42
25-Dec-19,,2,3.95,9.49t,..t,..t,..t,..t,..t,..t,..t,..t,1.7479,1.67,1.66,1.64,1.63,1.61,1.67,1.69,1.64,1.63,1.67,0.05,3.64,3.94,5.19,1.45,0.05,0.05,1.35,1.8,2,1.64,1.66,1.66,1.73,1.75,0.32
01-Jan-20,,2,3.95,9.49t,..t,..t,..t,..t,..t,..t,..t,..t,1.748,1.69,1.69,1.68,1.68,1.7,1.76,1.71,1.68,1.71,1.76,0.05,3.64,3.94,5.19,1.45,0.05,0.05,1.35,1.8,2,1.65,1.66,1.66,1.72,1.74,0.41
08-Jan-20,,2,3.95,9.49t,..t,..t,..t,..t,..t,..t,..t,..t,1.7488,1.66,1.65,1.62,1.61,1.62,1.74,1.68,1.63,1.63,1.72,0.05,3.64,3.94,5.19,1.45,0.05,0.05,1.35,1.8,2,1.62,1.65,1.65,1.68,1.72,0.37
15-Jan-20,,2,3.95,9.49t,..t,..t,..t,..t,..t,..t,..t,..t,1.7484,1.63,1.62,1.54,1.54,1.53,1.65,1.66,1.57,1.54,1.64,0.05,3.64,3.94,5.19,1.45,0.05,0.05,1.35,1.8,2,1.63,1.64,1.64,1.68,1.71,0.26
22-Jan-20,,2,3.95,9.49t,..t,..t,..t,..t,..t,..t,..t,..t,1.7477,1.54,1.52,1.46,1.45,1.45,1.58,1.57,1.48,1.46,1.55,0.05,3.64,3.94,5.19,1.45,0.05,0.05,1.35,1.8,2,1.63,1.64,1.64,1.66,1.67,0.19
29-Jan-20,,2,3.95,9.49t,..t,..t,..t,..t,..t,..t,..t,..t,1.7487,1.47,1.44,1.34,1.32,1.31,1.45,1.51,1.38,1.33,1.42,0.05,3.64,3.94,5.19,1.45,0.05,0.05,1.35,1.8,2,1.66,1.63,1.64,1.64,1.62,0.15
05-Feb-20,,2,3.95,9.49t,..t,..t,..t,..t,..t,..t,..t,..t,1.7484,1.5,1.48,1.41,1.39,1.39,1.51,1.54,1.43,1.4,1.48,0.05,3.64,3.94,5.19,1.45,0.05,0.05,1.35,1.8,2,1.65,1.63,1.64,1.65,1.64,0.19
12-Feb-20,,2,3.95,9.49t,..t,..t,..t,..t,..t,..t,..t,..t,1.7487,1.51,1.46,1.39,1.39,1.39,1.51,1.54,1.44,1.4,1.48,0.05,3.64,3.94,5.19,1.45,0.05,0.05,1.35,1.8,2,1.75,1.64,1.64,1.65,1.64,0.17
19-Feb-20,,2,3.95,9.49t,..t,..t,..t,..t,..t,..t,..t,..t,1.7493,1.48,1.44,1.36,1.36,1.35,1.46,1.52,1.41,1.37,1.44,0.05,3.64,3.94,5.19,1.45,0.05,0.05,1.35,1.8,2,1.68,1.64,1.64,1.64,1.63,0.13
26-Feb-20,,2,3.95,9.49t,..t,..t,..t,..t,..t,..t,..t,..t,1.7485,1.32,1.28,1.21,1.21,1.21,1.35,1.37,1.25,1.22,1.32,0.05,3.64,3.94,5.19,1.25,0.05,0.05,1.35,1.8,2,1.62,1.62,1.61,1.59,1.51,0.08
04-Mar-20,,1.5,3.95,9.49t,..t,..t,..t,..t,..t,..t,..t,..t,1.6776,0.92,0.9,0.88,0.91,0.97,1.27,0.95,0.89,0.95,1.2,0.05,3.64,3.94,5.19,1.28,0.05,0.05,1.45,1.35,2,1.14,1.15,1.14,1.11,1.04,0.05
11-Mar-20,,1.5,3.45,9.49t,..t,..t,..t,..t,..t,..t,..t,..t,1.2493,0.5,0.51,0.55,0.57,0.64,1.02,0.53,0.54,0.62,0.93,0.05,3.39,3.94,5.19,1.25,0.05,0.05,1.25,1.35,1.5,0.86,0.75,0.64,0.58,0.55,0.13
18-Mar-20,,1,2.95,9.49t,..t,..t,..t,..t,..t,..t,..t,..t,1.0331,0.69,0.79,0.93,0.99,1.06,1.47,0.73,0.89,1.02,1.37,0.05,3.29,3.94,5.04,0.88,0.05,0.05,0.75,0.85,0.95,0.3,0.36,0.42,0.4,0.37,0.84
25-Mar-20,,1,2.95,9.49t,..t,..t,..t,..t,..t,..t,..t,..t,0.7406,0.62,0.7,0.78,0.81,0.88,1.36,0.66,0.75,0.84,1.25,0.05,3.29,3.94,5.04,0.88,0.05,0.05,1,1.15,1.5,0.59,0.57,0.49,0.45,0.44,0.57
01-Apr-20,,0.5,2.45,9.49t,..t,..t,..t,..t,..t,..t,..t,..t,0.3447,0.4,0.48,0.55,0.57,0.63,1.21,0.44,0.53,0.59,1.08,0.05,3.29,3.94,5.04,1.25,0.05,0.05,1,1.15,1.48,0.16,0.16,0.2,0.31,0.35,0.37
08-Apr-20,,0.5,2.45,9.49t,..t,..t,..t,..t,..t,..t,..t,..t,0.2479,0.43,0.5,0.65,0.66,0.81,1.35,0.45,0.59,0.69,1.19,0.05,3.29,3.94,5.04,1.25,0.05,0.05,1,1.15,1.48,0.19,0.17,0.22,0.38,0.48,0.38
15-Apr-20,,0.5,2.45,9.49t,..t,..t,..t,..t,..t,..t,..t,..t,0.2383,0.33,0.38,0.44,0.47,0.64,1.32,0.34,0.42,0.49,1.12,0.05,3.29,3.94,5.04,1.25,0.05,0.05,1,1.15,1.48,0.2,0.19,0.3,0.33,0.42,0.34
22-Apr-20,,0.5,2.45,9.49t,..t,..t,..t,..t,..t,..t,..t,..t,0.2226,0.33,0.35,0.45,0.46,0.61,1.23,0.34,0.42,0.5,1.05,0.05,3.29,4.05,5.04,1.25,0.05,0.05,0.75,1.15,1.5,0.18,0.18,0.25,0.29,0.36,0.38
29-Apr-20,,0.5,2.45,9.49t,..t,..t,..t,..t,..t,..t,..t,..t,0.2341,0.32,0.3,0.41,0.42,0.56,1.15,0.3,0.38,0.46,0.99,0.05,3.29,4.05,5.04,1.25,0.05,0.05,0.75,1.15,1.5,0.21,0.2,0.26,0.3,0.32,0.23
06-May-20,,0.5,2.45,8.03t,..t,..t,..t,..t,..t,..t,..t,..t,0.2304,0.3,0.29,0.43,0.44,0.61,1.16,0.3,0.38,0.5,1,0.05,3.29,4.05,5.04,1.25,0.05,0.05,0.75,1.15,1.5,0.2,0.2,0.22,0.22,0.35,0.25
13-May-20,,0.5,2.45,8.03t,..t,..t,..t,..t,..t,..t,..t,..t,0.2208,0.28,0.26,0.37,0.39,0.55,1.12,0.26,0.33,0.44,0.93,0.05,3.29,3.94,5.04,1.25,0.05,0.05,0.75,1.15,1.5,0.2,0.2,0.27,0.28,0.3,0.22
20-May-20,,0.5,2.45,8.03t,..t,..t,..t,..t,..t,..t,..t,..t,0.224,0.3,0.29,0.41,0.43,0.56,1.11,0.28,0.36,0.46,0.93,0.05,3.19,3.89,4.94,1.25,0.01,0.01,0.75,1.15,1.5,0.2,0.2,0.23,0.28,0.31,0.09
27-May-20,,0.5,2.45,8.03t,..t,..t,..t,..t,..t,..t,..t,..t,0.2379,0.3,0.29,0.4,0.41,0.54,1.1,0.28,0.35,0.44,0.92,0.05,3.19,3.89,4.94,1.25,0.01,0.01,0.75,1.15,1.5,0.19,0.2,0.22,0.26,0.29,0.16
03-Jun-20,,0.5,2.45,8.03t,..t,..t,..t,..t,..t,..t,..t,..t,0.2433,0.32,0.31,0.45,0.46,0.62,1.21,0.29,0.39,0.53,1.1,0.05,3.19,3.89,4.94,1.25,0.01,0.01,0.75,1.15,1.5,0.16,0.14,0.19,0.23,0.27,0.15
10-Jun-20,,0.5,2.45,8.03t,..t,..t,..t,..t,..t,..t,..t,..t,0.2412,0.28,0.27,0.38,0.39,0.57,1.12,0.25,0.33,0.47,1.03,0.05,3.19,3.89,4.94,1.25,0.01,0.01,0.75,1.05,1.5,0.15,0.21,0.18,0.22,0.28,0.05
17-Jun-20,,0.5,2.45,8.03t,..t,..t,..t,..t,..t,..t,..t,..t,0.2362,0.29,0.28,0.37,0.38,0.53,1.03,0.26,0.33,0.45,0.95,0.05,3.19,3.89,4.94,1.25,0.01,0.01,0.75,1.05,1.5,0.15,0.15,0.19,0.23,0.26,0
24-Jun-20,,0.5,2.45,8.03t,..t,..t,..t,..t,..t,..t,..t,..t,0.2327,0.3,0.32,0.38,0.43,0.54,1.02,0.26,0.33,0.46,0.95,0.05,3.19,3.89,4.94,1.25,0.01,0.01,0.75,1,1.5,0.15,0.18,0.21,0.24,0.28,-0.07
01-Jul-20,,0.5,2.45,8.03t,..t,..t,..t,..t,..t,..t,..t,..t,0.2414,0.28,0.3,0.36,0.41,0.52,0.99,0.25,0.32,0.44,0.91,0.05,3.19,3.89,4.94,0.88,0.01,0.01,0.55,0.85,1.13,0.16,0.17,0.2,0.23,0.28,-0.09
08-Jul-20,,0.5,2.45,8.03t,..t,..t,..t,..t,..t,..t,..t,..t,0.2425,0.29,0.31,0.37,0.43,0.57,1.09,0.25,0.32,0.46,1,0.05,3.19,3.89,4.94,0.88,0.01,0.01,0.55,0.85,1.13,0.19,0.19,0.19,0.24,0.28,0.01
15-Jul-20,,0.5,2.45,8.03t,..t,..t,..t,..t,..t,..t,..t,..t,0.2452,0.27,0.29,0.35,0.4,0.53,1.04,0.24,0.3,0.44,0.94,0.05,3.09,3.79,4.94,0.88,0.01,0.01,0.55,0.8,1.05,0.17,0.17,0.18,0.21,0.27,-0.05
22-Jul-20,,0.5,2.45,8.03t,..t,..t,..t,..t,..t,..t,..t,..t,0.2447,0.27,0.28,0.35,0.38,0.51,1,0.23,0.29,0.41,0.89,0.05,3.09,3.79,4.94,0.88,0.01,0.01,0.55,0.75,1.05,0.17,0.17,0.17,0.19,0.24,-0.15
29-Jul-20,,0.5,2.45,8.03t,..t,..t,..t,..t,..t,..t,..t,..t,0.2407,0.26,0.27,0.32,0.35,0.48,0.95,0.23,0.27,0.39,0.86,0.05,3.09,3.79,4.94,0.88,0.01,0.01,0.55,0.75,1.05,0.16,0.16,0.16,0.19,0.23,-0.21
05-Aug-20,,0.5,2.45,8.03t,..t,..t,..t,..t,..t,..t,..t,..t,0.2429,0.27,0.26,0.34,0.37,0.5,0.94,0.23,0.28,0.4,0.84,0.05,3.09,3.89,4.94,0.88,0.01,0.01,0.55,0.75,1,0.16,0.16,0.17,0.18,0.22,-0.23
12-Aug-20,,0.5,2.45,8.03t,..t,..t,..t,..t,..t,..t,..t,..t,0.2409,0.29,0.3,0.41,0.45,0.6,1.09,0.26,0.32,0.49,0.99,0.05,3.09,3.75,4.79,0.7,0.01,0.01,0.43,0.7,0.95,0.16,0.16,0.16,0.18,0.21,-0.17
19-Aug-20,,0.5,2.45,8.03t,..t,..t,..t,..t,..t,..t,..t,..t,0.2386,0.29,0.29,0.39,0.43,0.58,1.09,0.26,0.31,0.47,0.99,0.05,3.09,3.75,4.79,0.7,0.01,0.01,0.43,0.7,0.95,0.16,0.16,0.16,0.17,0.21,-0.19
26-Aug-20,,0.5,2.45,8.03t,..t,..t,..t,..t,..t,..t,..t,..t,0.2337,0.29,0.3,0.41,0.45,0.61,1.12,0.26,0.33,0.49,1.01,0.05,3.09,3.75,4.79,0.7,0.01,0.01,0.43,0.6,0.95,0.16,0.15,0.14,0.17,0.22,-0.19
02-Sep-20,,0.5,2.45,8.03t,..t,..t,..t,..t,..t,..t,..t,..t,0.2365,0.26,0.27,0.35,0.4,0.55,1.06,0.24,0.31,0.47,0.95,0.05,3.09,3.59,4.79,0.7,0.01,0.01,0.43,0.6,0.95,0.14,0.15,0.15,0.18,0.22,-0.25
09-Sep-20,,0.5,2.45,8.03t,..t,..t,..t,..t,..t,..t,..t,..t,0.2357,0.27,0.27,0.37,0.42,0.59,1.1,0.25,0.33,0.5,0.99,0.05,3.09,3.59,4.79,0.7,0.01,0.01,0.35,0.6,0.85,0.15,0.15,0.15,0.17,0.22,-0.2
16-Sep-20,,0.5,2.45,8.03t,..t,..t,..t,..t,..t,..t,..t,..t,0.2302,0.26,0.27,0.36,0.4,0.57,1.11,0.24,0.32,0.48,0.99,0.05,3.09,3.59,4.79,0.7,0.01,0.01,0.35,0.6,0.85,0.14,0.14,0.15,0.18,0.22,-0.19
23-Sep-20,,0.5,2.45,8.03t,..t,..t,..t,..t,..t,..t,..t,..t,0.228,0.26,0.26,0.35,0.39,0.55,1.08,0.23,0.31,0.47,0.97,0.05,3.09,3.59,4.79,0.7,0.01,0.01,0.35,0.6,0.85,0.15,0.14,0.14,0.18,0.22,-0.19
30-Sep-20,,0.5,2.45,8.03t,..t,..t,..t,..t,..t,..t,..t,..t,0.2181,0.25,0.25,0.36,0.39,0.57,1.11,0.23,0.31,0.48,0.99,0.05,3.09,3.59,4.79,0.7,0.01,0.01,0.35,0.6,0.85,0.18,0.14,0.12,0.16,0.21,-0.21
07-Oct-20,,0.5,2.45,8.03t,..t,..t,..t,..t,..t,..t,..t,..t,0.2342,0.24,0.27,0.38,0.42,0.63,1.2,0.23,0.33,0.53,1.05,0.05,3.09,3.59,4.79,0.7,0.01,0.01,0.35,0.6,0.85,0.13,0.12,0.11,0.13,0.16,-0.2
14-Oct-20,,0.5,2.45,8.03t,..t,..t,..t,..t,..t,..t,..t,..t,0.2316,0.24,0.24,0.35,0.38,0.58,1.18,0.2,0.3,0.48,1.02,0.05,3.09,3.59,4.79,0.7,0.01,0.01,0.35,0.6,0.85,0.1,0.11,0.1,0.11,0.17,-0.23
21-Oct-20,,0.5,2.45,8.03t,..t,..t,..t,..t,..t,..t,..t,..t,0.2306,0.23,0.25,0.36,0.41,0.61,1.21,0.2,0.32,0.51,1.04,0.05,3.09,3.59,4.79,0.7,0.01,0.01,0.35,0.6,0.85,0.09,0.09,0.1,0.11,0.15,-0.22
28-Oct-20,,0.5,2.45,8.03t,..t,..t,..t,..t,..t,..t,..t,..t,0.2337,0.24,0.25,0.36,0.41,0.59,1.17,0.21,0.32,0.5,1.01,0.05,3.09,3.59,4.79,0.7,0.01,0.01,0.35,0.6,0.85,0.12,0.1,0.09,0.12,0.17,-0.28
04-Nov-20,,0.5,2.45,8.03t,..t,..t,..t,..t,..t,..t,..t,..t,0.2231,0.26,0.27,0.38,0.43,0.61,1.19,0.24,0.34,0.52,1.03,0.05,3.09,3.59,4.79,0.7,0.01,0.01,0.35,0.6,0.85,0.1,0.11,0.1,0.15,0.19,-0.23
11-Nov-20,,0.5,2.45,8.03t,..t,..t,..t,..t,..t,..t,..t,..t,0.2125,0.27,0.3,0.48,0.55,0.77,1.33,0.26,0.42,0.66,1.17,0.05,3.09,3.59,4.79,0.7,0.01,0.01,0.35,0.6,0.85,0.1,0.11,0.1,0.12,0.18,-0.23
18-Nov-20,,0.5,2.45,8.03t,..t,..t,..t,..t,..t,..t,..t,..t,0.2259,0.27,0.3,0.44,0.5,0.7,1.25,0.26,0.39,0.6,1.08,0.05,3.09,3.59,4.79,0.7,0.01,0.01,0.35,0.6,0.85,0.11,0.11,0.11,0.13,0.2,-0.28
25-Nov-20,,0.5,2.45,8.03t,..t,..t,..t,..t,..t,..t,..t,..t,0.2336,0.27,0.3,0.45,0.51,0.7,1.22,0.26,0.39,0.6,1.06,0.05,3.09,3.59,4.79,0.7,0.01,0.01,0.35,0.6,0.85,0.16,0.12,0.12,0.13,0.19,-0.3
02-Dec-20,,0.5,2.45,8.03t,..t,..t,..t,..t,..t,..t,..t,..t,0.2269,0.27,0.31,0.47,0.54,0.76,1.28,0.26,0.41,0.66,1.17,0.05,3.09,3.59,4.79,0.7,0.01,0.01,0.35,0.6,0.85,0.1,0.11,0.12,0.15,0.21,-0.22
09-Dec-20,,0.5,2.45,8.03t,..t,..t,..t,..t,..t,..t,..t,..t,0.2136,0.27,0.32,0.47,0.54,0.75,1.3,0.27,0.41,0.65,1.18,0.05,3.09,3.45,4.79,0.7,0.01,0.01,0.35,0.6,0.95,0.12,0.11,0.13,0.13,0.22,-0.21
16-Dec-20,,0.5,2.45,8.03t,..t,..t,..t,..t,..t,..t,..t,..t,0.2051,0.25,0.3,0.45,0.52,0.73,1.3,0.24,0.38,0.63,1.18,0.05,3.09,3.49,4.79,0.7,0.01,0.01,0.35,0.6,0.95,0.1,0.1,0.12,0.15,0.2,-0.2
23-Dec-20,,0.5,2.45,8.03t,..t,..t,..t,..t,..t,..t,..t,..t,0.1918,0.23,0.28,0.43,0.5,0.73,1.28,0.22,0.37,0.63,1.17,0.05,3.09,3.49,4.79,0.7,0.01,0.01,0.35,0.6,0.8,0.09,0.08,0.09,0.12,0.16,-0.23
30-Dec-20,,0.5,2.45,8.03t,..t,..t,..t,..t,..t,..t,..t,..t,0.1741,0.2,0.25,0.41,0.48,0.7,1.24,0.2,0.35,0.6,1.13,0.05,3.09,3.49,4.79,0.7,0.01,0.01,0.35,0.6,0.8,0.04,0.04,0.07,0.1,0.15,-0.27
06-Jan-21,,0.5,2.45,7.70t,..t,..t,..t,..t,..t,..t,..t,..t,0.1586,0.18,0.23,0.41,0.49,0.75,1.36,0.18,0.34,0.63,1.23,0.05,3.09,3.49,4.79,0.7,0.01,0.01,0.35,0.6,0.8,0.04,0.06,0.06,0.1,0.15,-0.22
13-Jan-21,,0.5,2.45,7.70t,..t,..t,..t,..t,..t,..t,..t,..t,0.1984,0.16,0.21,0.44,0.53,0.81,1.44,0.16,0.36,0.69,1.31,0.05,2.79,3.49,4.79,0.7,0.01,0.01,0.35,0.6,0.8,0.07,0.06,0.06,0.1,0.13,-0.16
20-Jan-21,,0.5,2.45,7.70t,..t,..t,..t,..t,..t,..t,..t,..t,0.1832,0.16,0.2,0.43,0.53,0.83,1.47,0.16,0.35,0.69,1.33,0.05,2.79,3.49,4.79,0.7,0.01,0.01,0.35,0.6,0.8,0.06,0.06,0.05,0.09,0.12,-0.13
27-Jan-21,,0.5,2.45,7.70t,..t,..t,..t,..t,..t,..t,..t,..t,0.1826,0.16,0.19,0.41,0.52,0.8,1.45,0.15,0.33,0.67,1.32,0.05,2.79,3.49,4.79,0.7,0.01,0.01,0.35,0.6,0.8,0.05,0.05,0.06,0.09,0.12,-0.12
03-Feb-21,,0.5,2.45,7.70t,..t,..t,..t,..t,..t,..t,..t,..t,0.1932,0.17,0.22,0.46,0.58,0.94,1.52,0.17,0.37,0.75,1.4,0.05,2.79,3.49,4.79,0.7,0.01,0.01,0.35,0.5,0.8,0.07,0.07,0.06,0.09,0.13,-0.1
10-Feb-21,,0.5,2.45,7.70t,..t,..t,..t,..t,..t,..t,..t,..t,0.2108,0.19,0.23,0.49,0.62,0.99,1.58,0.17,0.39,0.79,1.46,0.05,2.79,3.49,4.79,0.7,0.01,0.01,0.35,0.5,0.8,0.09,0.08,0.08,0.09,0.12,-0.08
17-Feb-21,,0.5,2.45,7.70t,..t,..t,..t,..t,..t,..t,..t,..t,0.2185,0.21,0.26,0.58,0.73,1.11,1.69,0.2,0.45,0.89,1.58,0.05,2.79,3.49,4.79,0.7,0.01,0.01,0.35,0.5,0.8,0.08,0.08,0.08,0.1,0.15,-0.01
24-Feb-21,,0.5,2.45,7.70t,..t,..t,..t,..t,..t,..t,..t,..t,0.2143,0.23,0.32,0.73,0.91,1.31,1.88,0.23,0.58,1.09,1.77,0.05,2.79,3.49,4.79,0.7,0.01,0.01,0.3,0.5,0.8,0.09,0.1,0.11,0.14,0.14,0.2
03-Mar-21,,0.5,2.45,7.70t,..t,..t,..t,..t,..t,..t,..t,..t,0.2085,0.26,0.33,0.83,1.03,1.4,1.82,0.27,0.7,1.25,1.74,0.05,2.79,3.49,4.79,0.7,0.01,0.01,0.3,0.5,0.8,0.09,0.11,0.12,0.16,0.18,0.15
10-Mar-21,,0.5,2.45,7.70t,..t,..t,..t,..t,..t,..t,..t,..t,0.2093,0.24,0.45,0.91,1.14,1.41,1.84,0.25,0.69,1.25,1.76,0.05,2.79,3.49,4.79,0.7,0.01,0.01,0.3,0.5,0.85,0.1,0.11,0.11,0.15,0.17,0.13
17-Mar-21,,0.5,2.45,7.70t,..t,..t,..t,..t,..t,..t,..t,..t,0.1952,0.27,0.51,0.99,1.28,1.58,2.08,0.28,0.76,1.4,1.99,0.05,2.79,3.49,4.79,0.7,0.01,0.01,0.25,0.5,0.95,0.1,0.1,0.11,0.15,0.18,0.32
24-Mar-21,,0.5,2.45,7.70t,..t,..t,..t,..t,..t,..t,..t,..t,0.1554,0.24,0.48,0.92,1.17,1.47,1.91,0.24,0.7,1.29,1.84,0.05,2.79,3.49,4.79,0.7,0.01,0.01,0.25,0.5,1.05,0.07,0.08,0.1,0.13,0.15,0.15
31-Mar-21,,0.5,2.45,7.70t,..t,..t,..t,..t,..t,..t,..t,..t,0.1529,0.22,0.49,0.99,1.26,1.55,1.97,0.23,0.74,1.39,1.9,0.05,2.79,3.49,4.79,0.7,0.01,0.01,0.25,0.5,1.05,0.06,0.07,0.09,0.12,0.16,0.22
07-Apr-21,,0.5,2.45,7.70t,..t,..t,..t,..t,..t,..t,..t,..t,0.1459,0.23,0.49,0.94,1.21,1.5,1.94,0.26,0.76,1.33,1.86,0.05,2.79,3.49,4.79,0.7,0.01,0.01,0.25,0.5,1.05,0.07,0.08,0.09,0.11,0.16,0.24
14-Apr-21,,0.5,2.45,7.70t,..t,..t,..t,..t,..t,..t,..t,..t,0.1545,0.24,0.49,0.95,1.24,1.53,1.96,0.28,0.77,1.35,1.88,0.05,2.79,3.49,4.79,0.7,0.01,0.01,0.25,0.5,1,0.07,0.08,0.09,0.13,0.17,0.28
21-Apr-21,,0.5,2.45,7.70t,..t,..t,..t,..t,..t,..t,..t,..t,0.1712,0.3,0.48,0.94,1.21,1.52,2.01,0.3,0.76,1.33,1.93,0.05,2.79,3.49,4.79,0.7,0.01,0.01,0.25,0.5,1,0.07,0.06,0.09,0.14,0.22,0.34
28-Apr-21,,0.5,2.45,7.70t,..t,..t,..t,..t,..t,..t,..t,..t,0.1669,0.31,0.48,0.93,1.22,1.53,2.07,0.3,0.75,1.34,1.96,0.05,2.79,3.49,4.79,0.7,0.01,0.01,0.25,0.5,1,0.07,0.08,0.1,0.15,0.2,0.38
05-May-21,,0.5,2.45,7.70t,..t,..t,..t,..t,..t,..t,..t,..t,0.1693,0.3,0.49,0.91,1.18,1.51,2.06,0.29,0.73,1.32,1.95,0.05,2.79,3.49,4.79,0.7,0.01,0.01,0.25,0.5,1,0.06,0.07,0.1,0.15,0.18,0.34
12-May-21,,0.5,2.45,7.70t,..t,..t,..t,..t,..t,..t,..t,..t,0.1705,0.33,0.53,0.97,1.26,1.59,2.19,0.33,0.79,1.39,2.05,0.05,2.79,3.49,4.79,0.7,0.01,0.01,0.25,0.5,1,0.07,0.06,0.1,0.14,0.18,0.33
19-May-21,,0.5,2.45,7.70t,..t,..t,..t,..t,..t,..t,..t,..t,0.1848,0.33,0.53,0.96,1.24,1.58,2.18,0.33,0.79,1.36,2.04,0.05,2.79,3.49,4.79,0.7,0.01,0.01,0.25,0.6,1,0.18,0.05,0.09,0.12,0.2,0.32
26-May-21,,0.5,2.45,7.70t,..t,..t,..t,..t,..t,..t,..t,..t,0.1872,0.31,0.49,0.87,1.14,1.45,2.04,0.3,0.71,1.25,1.91,0.05,2.79,3.49,4.79,0.7,0.01,0.01,0.25,0.6,1,0.08,0.07,0.1,0.13,0.2,0.21
02-Jun-21,,0.5,2.45,7.70t,..t,..t,..t,..t,..t,..t,..t,..t,0.1972,0.32,0.51,0.9,1.19,1.49,2.02,0.32,0.78,1.35,1.94,0.05,2.79,3.49,4.79,0.7,0.01,0.01,0.25,0.6,1,0.1,0.1,0.12,0.15,0.2,0.2
09-Jun-21,,0.5,2.45,7.70t,..t,..t,..t,..t,..t,..t,..t,..t,0.1858,0.32,0.49,0.85,1.11,1.41,1.95,0.32,0.74,1.26,1.86,0.05,2.79,3.49,4.79,0.7,0.01,0.01,0.25,0.6,1,0.1,0.1,0.11,0.16,0.21,0.15
16-Jun-21,,0.5,2.45,7.70t,..t,..t,..t,..t,..t,..t,..t,..t,0.1897,0.36,0.54,0.92,1.15,1.44,1.95,0.37,0.8,1.3,1.86,0.05,2.79,3.49,4.79,0.7,0.01,0.01,0.25,0.6,1,0.1,0.11,0.12,0.16,0.22,0.13
23-Jun-21,,0.5,2.45,7.70t,..t,..t,..t,..t,..t,..t,..t,..t,0.1818,0.42,0.61,0.97,1.17,1.42,1.86,0.42,0.86,1.31,1.79,0.05,2.79,3.49,4.79,0.7,0.01,0.01,0.25,0.6,1,0.14,0.13,0.14,0.18,0.23,0.11
30-Jun-21,,0.5,2.45,7.70t,..t,..t,..t,..t,..t,..t,..t,..t,0.1873,0.45,0.65,0.97,1.15,1.39,1.84,0.44,0.87,1.28,1.77,0.05,2.79,3.49,4.79,0.7,0.01,0.01,0.25,0.6,1,0.14,0.13,0.15,0.17,0.23,0.11
07-Jul-21,,0.5,2.45,7.70t,..t,..t,..t,..t,..t,..t,..t,..t,0.1884,0.48,0.66,0.93,1.1,1.29,1.76,0.47,0.84,1.21,1.69,0.05,2.79,3.49,4.79,0.7,0.01,0.01,0.25,0.6,1,0.16,0.15,0.16,0.19,0.25,0.07
14-Jul-21,,0.5,2.45,7.70t,..t,..t,..t,..t,..t,..t,..t,..t,0.1923,0.45,0.64,0.91,1.09,1.29,1.81,0.44,0.82,1.2,1.73,0.05,2.79,3.49,4.79,0.7,0.01,0.01,0.25,0.6,1,0.16,0.14,0.17,0.2,0.28,0.12
21-Jul-21,,0.5,2.45,7.70t,..t,..t,..t,..t,..t,..t,..t,..t,0.19,0.46,0.57,0.8,1,1.22,1.8,0.39,0.73,1.12,1.71,0.05,2.79,3.49,4.79,0.7,0.01,0.01,0.25,0.6,1,0.18,0.14,0.17,0.19,0.28,0.14
28-Jul-21,,0.5,2.45,7.70t,..t,..t,..t,..t,..t,..t,..t,..t,0.193,0.45,0.55,0.78,0.94,1.17,1.73,0.38,0.71,1.07,1.64,0.05,2.79,3.49,4.79,0.7,0.01,0.01,0.25,0.6,1,0.16,0.15,0.17,0.19,0.28,0.02
04-Aug-21,,0.5,2.45,7.70t,..t,..t,..t,..t,..t,..t,..t,..t,0.1891,0.44,0.53,0.78,0.92,1.13,1.7,0.39,0.71,1.04,1.62,0.05,2.79,3.49,4.79,0.7,0.01,0.01,0.25,0.6,1,0.18,0.17,0.17,0.19,0.27,0.04
11-Aug-21,,0.5,2.45,7.70t,..t,..t,..t,..t,..t,..t,..t,..t,0.2055,0.47,0.59,0.89,1.05,1.26,1.82,0.42,0.81,1.16,1.73,0.05,2.79,3.49,4.79,0.7,0.01,0.01,0.25,0.6,1,0.15,0.17,0.17,0.18,0.26,0.15
18-Aug-21,,0.5,2.45,7.70t,..t,..t,..t,..t,..t,..t,..t,..t,0.1852,0.45,0.56,0.82,0.96,1.16,1.74,0.4,0.75,1.07,1.65,0.05,2.79,3.49,4.79,0.7,0.01,0.01,0.25,0.6,1,0.19,0.18,0.19,0.19,0.26,0.09
25-Aug-21,,0.5,2.45,7.70t,..t,..t,..t,..t,..t,..t,..t,..t,0.2026,0.45,0.57,0.87,1.04,1.25,1.82,0.42,0.78,1.15,1.73,0.05,2.79,3.49,4.79,0.7,0.01,0.01,0.25,0.6,1,0.19,0.21,0.18,0.17,0.27,0.15
01-Sep-21,,0.5,2.45,7.70t,..t,..t,..t,..t,..t,..t,..t,..t,0.2095,0.41,0.51,0.79,0.96,1.18,1.74,0.37,0.71,1.08,1.65,0.05,2.79,3.49,4.79,0.7,0.01,0.01,0.25,0.6,1,0.19,0.15,0.12,0.18,0.25,0.06
08-Sep-21,,0.5,2.45,7.70t,..t,..t,..t,..t,..t,..t,..t,..t,0.1898,0.39,0.49,0.8,0.98,1.2,1.77,0.38,0.74,1.13,1.69,0.05,2.79,3.49,4.79,0.7,0.01,0.01,0.25,0.6,1,0.19,0.14,0.15,0.17,0.27,0.04
15-Sep-21,,0.5,2.45,7.70t,..t,..t,..t,..t,..t,..t,..t,..t,0.1878,0.42,0.52,0.83,1,1.22,1.77,0.41,0.77,1.15,1.69,0.05,2.79,3.49,4.79,0.7,0.01,0.01,0.25,0.6,1,0.19,0.13,0.15,0.18,0.28,0.03
22-Sep-21,,0.5,2.45,7.70t,..t,..t,..t,..t,..t,..t,..t,..t,0.1873,0.45,0.56,0.92,1.01,1.21,1.75,0.44,0.8,1.15,1.68,0.05,2.79,3.49,4.79,0.7,0.01,0.01,0.25,0.6,1,0.2,0.11,0.12,0.15,0.26,0.05
29-Sep-21,,0.5,2.45,7.70t,..t,..t,..t,..t,..t,..t,..t,..t,0.1824,0.53,0.67,1.11,1.24,1.51,1.98,0.52,0.98,1.4,1.92,0.05,2.79,3.49,4.79,0.7,0.01,0.01,0.25,0.6,1,0.2,0.12,0.12,0.16,0.29,0.25
06-Oct-21,,0.5,2.45,7.70t,..t,..t,..t,..t,..t,..t,..t,..t,0.1921,0.6,0.66,1.09,1.23,1.5,1.99,0.52,0.96,1.38,1.92,0.05,2.79,3.49,4.79,0.7,0.01,0.01,0.25,0.6,1,0.14,0.12,0.12,0.16,0.29,0.21
13-Oct-21,,0.5,2.45,7.70t,..t,..t,..t,..t,..t,..t,..t,..t,0.1904,0.77,0.84,1.27,1.38,1.61,2.02,0.69,1.15,1.5,1.96,0.05,2.79,3.49,4.79,0.7,0.01,0.01,0.25,0.6,1,0.14,0.12,0.11,0.2,0.41,0.2
20-Oct-21,,0.5,2.45,7.70t,..t,..t,..t,..t,..t,..t,..t,..t,0.1995,0.79,0.86,1.29,1.41,1.63,2.03,0.71,1.17,1.53,1.98,0.05,2.79,3.49,4.79,0.7,0.01,0.01,0.25,0.6,1,0.16,0.11,0.12,0.2,0.48,0.2
27-Oct-21,,0.5,2.45,7.70t,..t,..t,..t,..t,..t,..t,..t,..t,0.2025,1.07,1.11,1.42,1.47,1.6,1.92,0.98,1.33,1.54,1.88,0.05,2.79,3.49,4.79,0.7,0.01,0.01,0.25,0.6,1,0.16,0.13,0.13,0.26,0.71,0.09
03-Nov-21,,0.5,2.45,7.70t,..t,..t,..t,..t,..t,..t,..t,..t,0.1991,1.03,1.1,1.46,1.54,1.71,2.05,0.99,1.36,1.64,2,0.05,2.79,3.49,4.79,0.7,0.01,0.01,0.25,0.6,1,0.19,0.14,0.14,0.31,0.72,0.3
10-Nov-21,,0.5,2.45,7.70t,..t,..t,..t,..t,..t,..t,..t,..t,0.2055,1,1.1,1.47,1.53,1.68,2.01,0.97,1.36,1.61,1.96,0.05,2.79,3.49,4.79,0.7,0.01,0.01,0.25,0.6,1,0.15,0.14,0.13,0.28,0.66,0.11
17-Nov-21,,0.5,2.45,7.70t,..t,..t,..t,..t,..t,..t,..t,..t,0.2118,1,1.13,1.48,1.56,1.7,2.05,0.98,1.38,1.62,2,0.05,2.79,3.49,4.79,0.7,0.01,0.01,0.25,0.6,1,0.07,0.13,0.11,0.35,0.71,0.11
24-Nov-21,,0.5,2.45,7.70t,..t,..t,..t,..t,..t,..t,..t,..t,0.2078,1.05,1.17,1.56,1.62,1.77,2.07,1.04,1.46,1.69,2.03,0.05,2.79,3.49,4.79,0.7,0.01,0.01,0.25,0.6,1,0.19,0.1,0.09,0.32,0.75,0.15
01-Dec-21,,0.5,2.45,7.70t,..t,..t,..t,..t,..t,..t,..t,..t,0.1864,0.95,1.03,1.35,1.37,1.5,1.82,0.92,1.26,1.42,1.77,0.05,2.79,3.49,4.79,1.28,0.01,0.01,0.35,0.75,1.18,0.05,0.03,0.04,0.23,0.68,-0.06
08-Dec-21,,0.5,2.45,7.70t,..t,..t,..t,..t,..t,..t,..t,..t,0.2003,1.07,1.16,1.44,1.45,1.56,1.84,1.04,1.37,1.51,1.82,0.05,2.79,3.49,4.79,1.28,0.01,0.01,0.35,0.75,1.18,0.04,0.02,0.03,0.38,0.81,-0.08
15-Dec-21,,0.5,2.45,7.70t,..t,..t,..t,..t,..t,..t,..t,..t,0.1474,0.95,1.02,1.26,1.27,1.41,1.74,0.91,1.19,1.35,1.72,0.05,2.79,3.49,4.79,1.28,0.01,0.01,0.35,0.8,1.18,0.03,0.01,0.04,0.22,0.7,-0.05
22-Dec-21,,0.5,2.45,7.70t,..t,..t,..t,..t,..t,..t,..t,..t,0.1314,0.96,1.03,1.25,1.27,1.42,1.72,0.93,1.19,1.35,1.71,0.05,2.79,3.49,4.79,1.28,0.01,0.01,0.35,0.95,1.25,0.18,0.08,0.12,0.38,0.76,-0.06
29-Dec-21,,0.5,2.45,7.70t,..t,..t,..t,..t,..t,..t,..t,..t,0.1274,0.99,1.06,1.3,1.32,1.47,1.76,0.95,1.23,1.41,1.75,0.05,2.79,3.49,4.79,1.28,0.01,0.01,0.35,0.95,1.25,0.07,0.1,0.16,0.38,0.75,-0.04
05-Jan-22,,0.5,2.45,7.70t,..t,..t,..t,..t,..t,..t,..t,..t,0.1494,1.04,1.12,1.42,1.47,1.63,1.85,1.01,1.35,1.56,1.84,0.05,2.79,3.49,4.79,1.28,0.01,0.01,0.35,0.95,1.25,0.1,0.1,0.2,0.41,0.82,0.04
12-Jan-22,,0.5,2.45,7.70t,..t,..t,..t,..t,..t,..t,..t,..t,0.1852,1.11,1.2,1.52,1.57,1.73,1.98,1.09,1.44,1.66,1.97,0.05,2.79,3.49,4.79,1.05,0.01,0.01,0.4,0.95,1.75,0.13,0.19,0.23,0.54,0.92,0.21
19-Jan-22,,0.5,2.45,7.70t,..t,..t,..t,..t,..t,..t,..t,..t,0.189,1.27,1.36,1.68,1.73,1.86,2.08,1.24,1.61,1.8,2.07,0.05,2.79,3.49,4.79,1.05,0.01,0.01,0.4,0.95,1.75,0.39,0.37,0.47,0.69,1.05,0.33
26-Jan-22,,0.5,2.45,7.70t,..t,..t,..t,..t,..t,..t,..t,..t,0.1811,1.26,1.42,1.67,1.7,1.84,2.07,1.22,1.59,1.78,2.07,0.05,2.79,3.49,4.79,1.05,0.01,0.01,0.4,0.95,1.75,0.21,0.24,0.32,0.59,0.97,0.33
02-Feb-22,,0.5,2.45,7.70t,..t,..t,..t,..t,..t,..t,..t,..t,0.1602,1.24,1.39,1.61,1.62,1.76,2.04,1.22,1.53,1.7,2.04,0.05,2.79,3.49,4.79,1.05,0.01,0.01,0.4,0.95,1.75,0.13,0.18,0.29,0.58,1.05,0.36
09-Feb-22,,0.5,2.45,7.70t,..t,..t,..t,..t,..t,..t,..t,..t,0.1642,1.36,1.45,1.68,1.7,1.85,2.14,1.29,1.6,1.8,2.13,0.05,2.79,3.49,4.79,1.05,0.01,0.01,0.4,0.95,1.75,0.15,0.17,0.3,0.7,1.12,0.48
16-Feb-22,,0.5,2.45,7.70t,..t,..t,..t,..t,..t,..t,..t,..t,0.1725,1.53,1.61,1.8,1.81,1.95,2.21,1.45,1.73,1.9,2.21,0.05,2.79,3.49,4.79,1.15,0.01,0.01,0.6,1.25,1.65,0.17,0.2,0.34,0.83,1.26,0.54
23-Feb-22,,0.5,2.45,7.70t,..t,..t,..t,..t,..t,..t,..t,..t,0.1754,1.57,1.65,1.79,1.81,1.97,2.23,1.49,1.73,1.92,2.24,0.05,2.79,3.49,4.79,1.45,0.01,0.01,0.6,1.35,1.75,0.16,0.23,0.37,0.81,1.28,0.56
02-Mar-22,,0.5,2.45,7.70t,..t,..t,..t,..t,..t,..t,..t,..t,0.1821,1.47,1.52,1.61,1.64,1.81,2.05,1.41,1.58,1.73,2.06,0.05,2.79,3.49,4.79,1.45,0.01,0.01,0.6,1.35,1.75,0.38,0.44,0.59,0.83,1.25,0.26
09-Mar-22,,0.75,2.7,7.70t,..t,..t,..t,..t,..t,..t,..t,..t,0.4237,1.5,1.53,1.65,1.69,1.89,2.19,1.45,1.62,1.8,2.19,0.05,2.79,3.49,4.79,1.55,0.01,0.01,0.65,1.28,1.85,0.39,0.43,0.55,0.83,1.27,0.31
16-Mar-22,,0.75,2.7,7.70t,..t,..t,..t,..t,..t,..t,..t,..t,0.4256,1.89,1.9,2.02,2.04,2.18,2.39,1.83,1.99,2.11,2.39,0.05,2.79,3.49,4.79,1.55,0.01,0.01,0.78,1.3,1.85,0.46,0.42,0.58,1.03,1.6,0.49
23-Mar-22,,0.75,2.7,7.70t,..t,..t,..t,..t,..t,..t,..t,..t,0.4262,2.06,2.08,2.2,2.21,2.32,2.42,1.99,2.17,2.23,2.44,0.05,2.94,3.49,4.79,1.65,0.01,0.01,0.78,1.3,1.85,0.34,0.44,0.53,1.04,1.68,0.53
30-Mar-22,,0.75,2.7,7.70t,..t,..t,..t,..t,..t,..t,..t,..t,0.4403,2.31,2.31,2.42,2.41,2.43,2.41,2.21,2.4,2.42,2.45,0.05,2.99,3.69,4.79,1.9,0.01,0.01,0.95,2.1,2.28,0.36,0.47,0.58,1.32,1.96,0.58
06-Apr-22,,0.75,2.7,7.70t,..t,..t,..t,..t,..t,..t,..t,..t,0.435,2.37,2.4,2.51,2.49,2.54,2.45,2.28,2.48,2.52,2.5,0.05,3.09,3.89,4.79,1.9,0.01,0.01,1.2,1.75,2.35,0.57,0.68,0.81,1.3,1.99,0.64
13-Apr-22,,0.75,2.7,7.70t,..t,..t,..t,..t,..t,..t,..t,..t,0.4393,2.34,2.39,2.51,2.51,2.64,2.61,2.27,2.48,2.6,2.64,0.05,3.09,3.89,4.79,1.9,0.01,0.01,1.25,1.75,2.5,0.87,0.9,0.97,1.43,2.02,0.77
20-Apr-22,,1.25,3.2,7.70t,..t,..t,..t,..t,..t,..t,..t,..t,0.9384,2.58,2.64,2.74,2.73,2.82,2.77,2.51,2.72,2.79,2.8,0.05,3.09,3.89,4.99,1.9,0.01,0.01,1.25,1.75,2.5,0.85,0.97,1.09,1.63,2.23,0.83
27-Apr-22,,1.25,3.2,8.30t,..t,..t,..t,..t,..t,..t,..t,..t,0.9208,2.5,2.55,2.64,2.64,2.8,2.79,2.47,2.62,2.75,2.82,0.05,3.29,4.09,4.99,1.9,0.01,0.01,1.25,1.75,2.5,0.86,1.1,1.32,1.75,2.28,0.91
04-May-22,,1.25,3.2,8.30t,..t,..t,..t,..t,..t,..t,..t,..t,0.9304,2.61,2.65,2.74,2.75,2.9,2.86,2.59,2.72,2.86,2.9,0.05,3.29,4.09,4.99,1.9,0.01,0.01,1.25,1.75,2.5,0.92,1.24,1.41,1.99,2.4,1.01
11-May-22,,1.25,3.2,8.30t,..t,..t,..t,..t,..t,..t,..t,..t,0.9452,2.73,2.74,2.8,2.85,2.99,2.95,2.66,2.78,2.94,2.99,0.05,3.49,4.39,4.99,1.9,0.01,0.01,1.25,2.2,2.5,0.88,1.17,1.34,1.89,2.47,1.14
18-May-22,,1.25,3.2,9.49t,..t,..t,..t,..t,..t,..t,..t,..t,0.9514,2.76,2.78,2.83,2.85,2.96,2.91,2.7,2.81,2.92,2.96,0.05,3.49,4.39,4.99,1.9,0.01,0.01,1.25,2.2,2.5,0.96,1.2,1.35,1.94,2.52,1.05
25-May-22,,1.25,3.2,9.49t,..t,..t,..t,..t,..t,..t,..t,..t,0.9486,2.53,2.54,2.6,2.63,2.76,2.76,2.48,2.58,2.72,2.8,0.05,3.79,4.49,5.39,1.9,0.01,0.01,1.25,2.2,2.5,0.94,1.2,1.37,1.9,2.36,1.05
01-Jun-22,,1.25,3.2,8.70t,..t,..t,..t,..t,..t,..t,..t,..t,0.9501,2.79,2.79,2.86,2.9,2.98,2.88,2.74,2.83,2.97,2.93,0.05,3.79,4.49,5.39,2.4,0.01,0.01,1.25,2.2,2.5,1.33,1.4,1.5,2.07,2.55,1.08
08-Jun-22,,1.75,3.7,8.70t,..t,..t,..t,..t,..t,..t,..t,..t,1.4554,3.1,3.1,3.18,3.21,3.27,3.18,3.06,3.17,3.27,3.22,0.05,3.79,4.49,5.39,2.4,0.01,0.01,1.25,2.2,2.5,1.35,1.47,1.66,2.33,2.91,1.25
15-Jun-22,,1.75,3.7,8.70t,..t,..t,..t,..t,..t,..t,..t,..t,1.4547,3.28,3.28,3.38,3.42,3.48,3.35,3.24,3.36,3.48,3.39,0.05,4.29,4.89,5.64,2.4,0.01,0.01,1.25,2.2,2.5,1.43,1.72,1.96,2.53,3.15,1.48
22-Jun-22,,1.75,3.7,8.70t,..t,..t,..t,..t,..t,..t,..t,..t,1.4508,3.25,3.29,3.31,3.33,3.41,3.33,3.22,3.29,3.4,3.37,0.05,4.69,5.24,6.04,2.4,0.01,0.01,1.25,2.2,2.95,1.41,1.74,1.96,2.52,3.16,1.51
29-Jun-22,,1.75,3.7,8.70t,..t,..t,..t,..t,..t,..t,..t,..t,1.4479,3.14,3.18,3.17,3.22,3.29,3.21,3.12,3.16,3.27,3.24,0.05,4.74,5.39,6.04,2.45,0.01,0.01,2,2.75,2.95,1.54,1.91,2.09,2.65,3.1,1.41
06-Jul-22,,1.75,3.7,8.70t,..t,..t,..t,..t,..t,..t,..t,..t,1.4471,3.12,3.12,3.06,3.1,3.18,3.1,3.12,3.06,3.15,3.14,0.05,4.74,5.39,6.04,2.45,0.01,0.01,2,2.75,2.95,1.59,1.94,2.1,2.68,3.15,1.41
13-Jul-22,,1.75,3.7,10.00t,..t,..t,..t,..t,..t,..t,..t,..t,1.4537,3.3,3.25,3.13,3.11,3.14,3.03,3.27,3.15,3.14,3.09,0.05,4.74,5.39,6.04,2.45,0.01,0.01,2,2.75,2.95,2.33,2.37,2.5,2.95,3.25,1.3
20-Jul-22,,2.75,4.7,10.00t,..t,..t,..t,..t,..t,..t,..t,..t,2.4595,3.3,3.26,3.15,3.1,3.11,3.04,3.3,3.17,3.13,3.08,0.05,4.74,5.39,6.04,2.95,0.01,0.01,1.95,2.75,3.45,2.31,2.38,2.53,3.05,3.34,1.27
27-Jul-22,,2.75,4.7,9.75t,..t,..t,..t,..t,..t,..t,..t,..t,2.4656,3.08,3,2.83,2.74,2.77,2.83,3.09,2.87,2.77,2.85,0.05,5.19,5.64,6.14,2.95,0.01,0.01,2,2.75,3.45,2.44,2.45,2.65,3.05,3.24,1.05
03-Aug-22,,2.75,4.7,10.05t,..t,..t,..t,..t,..t,..t,..t,..t,2.4658,3.18,3.08,2.85,2.7,2.71,2.77,3.18,2.92,2.72,2.79,1.25,5.19,5.64,6.14,3.4,0.01,0.01,2,2.75,3.45,2.31,2.42,2.59,3.17,3.35,0.97
10-Aug-22,,2.75,4.7,10.00t,..t,..t,..t,..t,..t,..t,..t,..t,2.48,3.18,3.08,2.85,2.68,2.67,2.76,3.19,2.91,2.68,2.78,1.25,5.19,5.64,6.14,3.4,0.01,0.01,2,2.75,3.45,2.33,2.54,2.82,3.11,3.36,1
17-Aug-22,,2.75,4.7,10.00t,..t,..t,..t,..t,..t,..t,..t,..t,2.4907,3.4,3.3,3.05,2.86,2.85,2.89,3.4,3.11,2.87,2.91,1.25,5.19,5.64,6.14,3.4,0.01,0.01,2,2.75,3.45,2.35,2.55,2.81,3.27,3.56,1.16
24-Aug-22,,2.75,4.7,10.00t,..t,..t,..t,..t,..t,..t,..t,..t,2.4834,3.51,3.44,3.27,3.09,3.1,3.06,3.52,3.32,3.1,3.09,1.25,5.19,5.64,6.14,3.4,0.01,0.01,2,2.75,3.45,2.55,2.77,3.1,3.39,3.58,1.23
31-Aug-22,,2.75,4.7,10.00t,..t,..t,..t,..t,..t,..t,..t,..t,2.4812,3.64,3.59,3.34,3.14,3.11,3.02,3.65,3.4,3.14,3.06,1.25,5.19,5.64,6.14,3.4,0.01,0.01,2,2.75,3.45,2.85,3.02,3.22,3.44,3.74,1.24
07-Sep-22,,2.75,4.7,10.00t,..t,..t,..t,..t,..t,..t,..t,..t,2.4727,3.6,3.55,3.3,3.12,3.13,3.13,3.57,3.3,3.14,3.15,1.25,5.19,5.64,6.14,3.4,0.01,0.01,2,2.75,3.45,3.04,3.15,3.29,3.47,3.72,1.31
14-Sep-22,,3.5,5.45,10.00t,..t,..t,..t,..t,..t,..t,..t,..t,3.2237,3.75,3.69,3.39,3.18,3.16,3.1,3.72,3.39,3.19,3.14,1.25,5.39,5.64,6.14,3.4,0.01,0.01,2,2.75,3.45,3.11,3.16,3.34,3.63,3.88,1.29
21-Sep-22,,3.5,5.45,10.00t,..t,..t,..t,..t,..t,..t,..t,..t,3.2277,3.77,3.69,3.35,3.08,3.03,2.94,3.73,3.34,3.06,2.99,1.25,5.69,5.64,6.14,3.4,0.01,0.01,2,2.75,3.45,3.14,3.25,3.5,3.76,3.91,1.17
28-Sep-22,,3.5,5.45,10.00t,..t,..t,..t,..t,..t,..t,..t,..t,3.213,3.75,3.68,3.24,3.12,3.08,2.97,3.72,3.37,3.12,3.03,1.25,5.69,5.74,6.14,3.4,0.01,0.01,2,2.75,3.45,3.12,3.3,3.55,3.78,3.98,1.26
05-Oct-22,,3.5,5.45,10.00t,..t,..t,..t,..t,..t,..t,..t,..t,3.2294,3.85,3.8,3.42,3.28,3.27,3.22,3.83,3.52,3.29,3.27,1.25,6.09,6.04,6.14,3.4,0.01,0.01,2,2.75,3.45,3.19,3.36,3.6,3.71,3.95,1.55
12-Oct-22,,3.5,5.45,10.00t,..t,..t,..t,..t,..t,..t,..t,..t,3.2415,4.04,3.97,3.57,3.44,3.43,3.37,4.01,3.67,3.45,3.42,1.25,6.09,6.04,6.14,3.4,0.01,0.01,2,2.75,3.45,3.26,3.44,3.7,3.9,4.16,1.63
19-Oct-22,,3.5,5.45,10.00t,..t,..t,..t,..t,..t,..t,..t,..t,3.2387,4.18,4.14,3.71,3.56,3.55,3.53,4.18,3.83,3.57,3.58,1.25,6.09,6.04,6.49,3.4,0.01,0.01,2,2.75,3.45,3.59,3.73,3.88,4.16,4.31,1.66
26-Oct-22,,3.5,5.45,10.00t,..t,..t,..t,..t,..t,..t,..t,..t,3.2348,3.87,3.82,3.41,3.27,3.28,3.42,3.87,3.52,3.28,3.43,1.25,6.09,6.04,6.49,3.4,0.01,0.01,2,2.75,3.45,3.71,3.77,3.86,4.05,4.2,1.39
02-Nov-22,,4,5.95,10.00t,..t,..t,..t,..t,..t,..t,..t,..t,3.7383,3.94,3.89,3.48,3.32,3.32,3.33,3.93,3.59,3.33,3.37,1.25,6.09,6.04,6.49,3.4,0.01,0.01,2,2.75,3.45,3.56,3.74,3.92,4.03,4.25,1.33
09-Nov-22,,4,5.95,10.00t,..t,..t,..t,..t,..t,..t,..t,..t,3.7415,4.1,4.05,3.6,3.42,3.4,3.47,4.09,3.72,3.42,3.5,1.25,6.09,6.04,6.49,3.4,0.01,0.01,3.03,2.95,3.45,3.57,3.81,3.95,4.28,4.45,1.37
16-Nov-22,,4,5.95,10.00t,..t,..t,..t,..t,..t,..t,..t,..t,3.7367,3.84,3.78,3.26,3.06,3.04,3.14,3.83,3.4,3.05,3.15,0.05,6.09,6.04,6.49,3.4,0.01,0.01,3,3.75,3.45,3.6,3.71,4,4.24,4.27,1.17
23-Nov-22,,4,5.95,10.00t,..t,..t,..t,..t,..t,..t,..t,..t,3.7389,3.92,3.7,3.22,2.98,2.98,2.97,3.89,3.38,2.98,3.01,0.05,6.09,6.04,6.49,3.4,0.01,0.01,3,3.75,3.45,3.65,3.79,4.01,4.24,4.39,1.12
30-Nov-22,,4,5.95,10.00t,..t,..t,..t,..t,..t,..t,..t,..t,3.7477,3.89,3.64,3.18,2.92,2.96,3.01,3.86,3.34,2.95,3.02,0.05,6.09,6.14,6.49,3.4,0.01,0.01,3,3.75,3.45,3.73,3.86,4.06,4.22,4.38,1.14
07-Dec-22,,4,5.95,10.00t,..t,..t,..t,..t,..t,..t,..t,..t,3.7428,3.78,3.48,2.96,2.72,2.75,2.74,3.74,3.14,2.75,2.77,0.05,6.09,6.05,6.49,3.4,0.01,0.01,3,3.75,3.45,4.04,4.1,4.13,4.22,4.32,0.87
14-Dec-22,,4.5,6.45,10.00t,..t,..t,..t,..t,..t,..t,..t,..t,4.2493,3.72,3.44,2.94,2.76,2.81,2.85,3.7,3.1,2.8,2.88,2.25,6.34,6.14,6.49,3.4,0.01,0.01,3,3.75,3.45,3.99,4.05,4.12,4.23,4.3,0.94
21-Dec-22,,4.5,6.45,10.00t,..t,..t,..t,..t,..t,..t,..t,..t,4.2493,3.72,3.48,3.07,2.92,3.02,3.04,3.74,3.2,2.99,3.07,2.25,6.34,6.14,6.49,3.4,0.01,0.01,3,3.75,3.45,4.12,4.12,4.17,4.31,4.39,1.05
28-Dec-22,,4.5,6.45,10.00t,..t,..t,..t,..t,..t,..t,..t,..t,4.2498,4.02,3.77,3.37,3.23,3.29,3.28,4.03,3.5,3.28,3.31,2.25,6.34,6.14,6.49,3.4,0.01,0.01,3,3.75,3.45,4.13,4.19,4.25,4.36,4.51,1.22
04-Jan-23,,4.5,6.45,10.00t,..t,..t,..t,..t,..t,..t,..t,..t,4.2598,3.99,3.73,3.28,3.12,3.14,3.14,4,3.43,3.14,3.17,2.25,6.34,6.14,6.49,3.4,0.01,0.01,3,3.75,3.45,4.14,4.16,4.23,4.39,4.49,1.11
11-Jan-23,,4.5,6.45,10.00t,..t,..t,..t,..t,..t,..t,..t,..t,4.2407,3.87,3.6,3.13,2.96,3.01,3.03,3.9,3.28,3,3.06,2.25,6.34,6.14,6.49,3.4,0.01,0.01,3,3.75,3.45,4.19,4.25,4.31,4.47,4.51,1.05
18-Jan-23,,4.5,6.45,10.00t,..t,..t,..t,..t,..t,..t,..t,..t,4.2354,3.47,3.24,2.8,2.65,2.72,2.84,3.67,2.93,2.7,2.85,2.25,6.34,6.14,6.49,3.4,0.01,0.01,3,3.75,3.45,4.34,4.33,4.39,4.45,4.38,1
25-Jan-23,,4.5,6.45,10.00t,..t,..t,..t,..t,..t,..t,..t,..t,4.2451,3.56,3.3,2.88,2.73,2.79,2.91,3.74,2.99,2.76,2.92,2.25,6.34,6.14,6.49,3.4,0.01,0.01,3,3.75,3.23,4.26,4.31,4.37,4.44,4.37,1.08
01-Feb-23,,4.75,6.7,11.75t,..t,..t,..t,..t,..t,..t,..t,..t,4.4971,3.66,3.38,2.93,2.78,2.85,2.93,3.83,3.06,2.82,2.94,2.25,6.34,6.14,6.49,3.4,0.01,0.01,3,3.13,3.23,4.38,4.38,4.36,4.51,4.48,1.06
08-Feb-23,,4.75,6.7,11.75t,..t,..t,..t,..t,..t,..t,..t,..t,4.5018,3.92,3.61,3.16,2.99,3.02,3.07,4.02,3.29,3.01,3.09,2.25,6.34,6.14,6.49,3.4,0.01,0.01,3,3.13,3.23,4.43,4.44,4.46,4.6,4.63,1.16
15-Feb-23,,4.75,6.7,11.75t,..t,..t,..t,..t,..t,..t,..t,..t,4.503,4.17,3.87,3.43,3.25,3.27,3.26,4.24,3.56,3.27,3.29,2.25,6.34,6.14,6.49,3.4,0.01,0.01,3,3.13,3.23,4.4,4.42,4.48,4.6,4.73,1.31
22-Feb-23,,4.75,6.7,11.75t,..t,..t,..t,..t,..t,..t,..t,..t,4.4764,4.2,3.94,3.54,3.37,3.37,3.3,4.25,3.66,3.38,3.34,2.25,6.34,6.14,6.49,3.4,0.01,0.01,3,3.13,3.23,4.4,4.46,4.5,4.56,4.64,1.35
01-Mar-23,,4.75,6.7,11.75t,..t,..t,..t,..t,..t,..t,..t,..t,4.4931,4.27,4.01,3.59,3.44,3.41,3.25,4.3,3.71,3.44,3.32,2.25,6.34,6.14,6.49,3.4,0.01,0.01,3,3.13,3.23,4.41,4.44,4.48,4.58,4.63,1.36
08-Mar-23,,4.75,6.7,12.00t,..t,..t,..t,..t,..t,..t,..t,..t,4.4922,4.29,4.02,3.5,3.29,3.25,3.11,4.25,3.56,3.28,3.17,2.25,6.34,6.14,6.49,3.4,0.01,0.01,3,3.13,3.23,4.37,4.46,4.48,4.56,4.59,1.28
15-Mar-23,,4.75,6.7,12.00t,..t,..t,..t,..t,..t,..t,..t,..t,4.4882,3.5,3.28,2.85,2.73,2.77,2.88,3.51,2.89,2.74,2.89,2.25,6.34,6.14,6.49,3.4,0.01,0.01,3,2.95,3.15,4.33,4.34,4.34,4.19,4.01,1.13
22-Mar-23,,4.75,6.7,12.00t,..t,..t,..t,..t,..t,..t,..t,..t,4.4891,3.49,3.25,2.77,2.65,2.7,2.93,3.5,2.88,2.67,2.91,2.25,6.29,6.14,6.49,3.5,0.01,0.01,3.03,3.13,3.23,4.27,4.34,4.34,4.31,4.2,1.24
29-Mar-23,,4.75,6.7,12.00t,..t,..t,..t,..t,..t,..t,..t,..t,4.4968,3.75,3.53,3.05,2.9,2.93,3.04,3.79,3.15,2.92,3.06,2.25,6.29,6.14,6.49,2.75,0.01,0.01,3.03,3.13,3.23,4.27,4.31,4.3,4.34,4.3,1.34
05-Apr-23,,4.75,6.7,12.00t,..t,..t,..t,..t,..t,..t,..t,..t,4.4931,3.54,3.32,2.87,2.72,2.78,2.95,3.52,2.96,2.74,2.96,2.25,6.29,6.14,6.49,2.75,0.01,0.01,3.03,3.13,3.23,4.27,4.3,4.36,4.35,4.2,1.34
12-Apr-23,,4.75,6.7,12.00t,..t,..t,..t,..t,..t,..t,..t,..t,4.4927,3.78,3.55,3.04,2.85,2.88,3,3.75,3.14,2.87,3.01,2.25,6.29,6.14,6.49,2.75,0.01,0.01,3.03,3.13,3.23,4.26,4.33,4.34,4.42,4.4,1.35
19-Apr-23,,4.75,6.7,12.00t,..t,..t,..t,..t,..t,..t,..t,..t,4.4908,3.88,3.74,3.24,3.03,3.05,3.13,3.94,3.34,3.05,3.15,2.25,6.29,6.14,6.49,2.75,0.01,0.01,3.03,3.13,3.23,4.29,4.41,4.39,4.55,4.51,1.42
26-Apr-23,,4.75,6.7,12.00t,..t,..t,..t,..t,..t,..t,..t,..t,4.4924,3.62,3.48,2.98,2.81,2.85,2.97,3.69,3.09,2.83,2.98,2.25,6.29,6.14,6.49,2.75,0.01,0.01,3.03,3.13,3.23,4.25,4.34,4.38,4.47,4.4,1.31
03-May-23,,4.75,6.7,12.00t,..t,..t,..t,..t,..t,..t,..t,..t,4.4931,3.56,3.41,2.87,2.71,2.76,2.93,3.59,2.98,2.73,2.93,2.25,6.29,6.14,6.49,2.75,0.01,0.01,3.03,3.3,3.4,4.28,4.37,4.42,4.41,4.41,1.3
10-May-23,,4.75,6.7,12.00t,..t,..t,..t,..t,..t,..t,..t,..t,4.4919,3.68,3.54,2.99,2.86,2.89,3.04,3.72,3.1,2.87,3.04,2.25,6.29,6.14,6.49,2.75,0.01,0.01,3.03,3.3,3.4,4.31,4.4,4.41,4.44,4.4,1.37
17-May-23,,4.75,6.7,12.00t,..t,..t,..t,..t,..t,..t,..t,..t,4.4927,4.04,3.86,3.29,3.11,3.09,3.1,4.06,3.4,3.12,3.13,2.25,6.29,6.14,6.49,2.75,0.01,0.01,3.03,3.3,3.4,4.49,4.41,4.47,4.52,4.64,1.32
24-May-23,,4.75,6.7,12.00t,..t,..t,..t,..t,..t,..t,..t,..t,4.4938,4.16,3.81,3.46,3.27,3.26,3.27,4.18,3.57,3.28,3.3,2.25,6.29,6.14,6.49,2.75,0.01,0.01,3.03,3.3,3.4,4.89,4.51,4.5,4.58,4.63,1.47
31-May-23,,4.75,6.7,12.00t,..t,..t,..t,..t,..t,..t,..t,..t,4.4929,4.22,3.84,3.44,3.22,3.18,3.14,4.22,3.56,3.22,3.18,2.25,6.34,6.24,6.49,2.75,0.01,0.01,4.45,3.3,3.4,4.57,4.61,4.59,4.65,4.71,1.37
07-Jun-23,,4.75,6.7,12.00t,..t,..t,..t,..t,..t,..t,..t,..t,4.4944,4.6,4.18,3.73,3.5,3.44,3.28,4.54,3.8,3.49,3.33,2.25,6.94,6.4,6.49,2.75,0.01,0.01,4.45,3.3,3.4,4.66,4.75,4.8,4.9,5.02,1.48
14-Jun-23,,5,6.95,12.00t,..t,..t,..t,..t,..t,..t,..t,..t,4.7443,4.55,4.15,3.72,3.46,3.41,3.27,4.5,3.78,3.46,3.32,2.25,6.94,6.4,6.49,3,0.01,0.01,4.45,3.5,3.75,4.63,4.73,4.83,4.93,5.01,1.5
21-Jun-23,,5,6.95,12.00t,..t,..t,..t,..t,..t,..t,..t,..t,4.7408,4.63,4.22,3.74,3.47,3.38,3.22,4.58,3.81,3.45,3.26,2.25,6.94,6.4,6.49,3,0.01,0.01,4.45,3.5,3.75,4.67,4.78,4.81,5,5.09,1.47
28-Jun-23,,5,6.95,12.00t,..t,..t,..t,..t,..t,..t,..t,..t,4.7363,4.52,4.13,3.61,3.31,3.22,3.11,4.47,3.7,3.29,3.15,2.25,7.14,6.54,6.49,3,0.01,0.01,4.45,3.5,3.75,4.7,4.78,4.89,4.93,5.01,1.39
05-Jul-23,,5,6.95,12.00t,..t,..t,..t,..t,..t,..t,..t,..t,4.7294,4.68,4.31,3.82,3.53,3.41,3.21,4.63,3.91,3.5,3.27,2.25,7.14,6.74,6.49,3,0.01,0.01,3.25,3.5,3.75,4.72,4.77,4.85,4.98,5.06,1.55
12-Jul-23,,5,6.95,12.00t,..t,..t,..t,..t,..t,..t,..t,..t,4.7418,4.66,4.33,3.81,3.53,3.42,3.26,4.62,3.9,3.5,3.31,2.25,7.69,6.54,6.49,3,0.01,0.01,3.25,3.5,3.75,4.8,4.88,4.91,5.04,5.1,1.58
19-Jul-23,,5.25,7.2,12.00t,..t,..t,..t,..t,..t,..t,..t,..t,4.9938,4.63,4.27,3.74,3.46,3.35,3.2,4.58,3.83,3.43,3.25,2.25,7.49,6.54,6.49,3,0.01,0.01,3.25,3.5,3.75,4.86,4.88,4.98,5.08,5.13,1.53
26-Jul-23,,5.25,7.2,12.00t,..t,..t,..t,..t,..t,..t,..t,..t,4.9915,4.65,4.38,3.85,3.56,3.45,3.29,4.7,3.96,3.53,3.34,2.25,7.49,6.54,6.49,3,0.01,0.01,3.25,3.5,3.75,4.88,4.97,5,5.08,5.17,1.6
02-Aug-23,,5.25,7.2,..t,..t,..t,..t,..t,..t,..t,..t,..t,4.9937,4.69,4.43,3.97,3.71,3.61,3.44,4.71,4.06,3.69,3.49,2.25,7.79,6.95,6.79,3,0.01,0.01,3.25,3.6,3.75,4.87,4.94,5.02,5.13,5.24,1.74
09-Aug-23,,5.25,7.2,..t,..t,..t,..t,..t,..t,..t,..t,..t,4.9921,4.59,4.33,3.86,3.6,3.51,3.41,4.62,3.95,3.59,3.45,2.25,7.79,6.89,6.79,3,0.01,0.01,3.25,3.6,3.75,4.86,4.98,5.01,5.12,5.08,1.72
16-Aug-23,,5.25,7.2,..t,..t,..t,..t,..t,..t,..t,..t,..t,4.9931,4.8,4.55,4.12,3.86,3.77,3.61,4.82,4.21,3.85,3.66,2.25,7.79,6.89,6.79,3,0.01,0.01,5.1,4,4.35,4.91,5.03,5.06,5.2,5.23,1.9
23-Aug-23,,5.25,7.2,..t,..t,..t,..t,..t,..t,..t,..t,..t,4.9942,4.7,4.45,4.02,3.74,3.63,3.47,4.72,4.11,3.72,3.52,2.25,7.89,6.89,6.79,3,0.01,0.01,5.1,4,4.35,5.02,5.01,5.1,5.13,5.2,1.76
30-Aug-23,,5.25,7.2,..t,..t,..t,..t,..t,..t,..t,..t,..t,4.997,4.65,4.4,3.9,3.68,3.57,3.41,4.68,4.05,3.66,3.46,2.25,7.89,7.04,6.84,3,0.01,0.01,5.1,4,4.35,4.93,5.02,5.08,5.12,5.14,1.73
06-Sep-23,,5.25,7.2,..t,..t,..t,..t,..t,..t,..t,..t,..t,4.9967,4.68,4.44,3.97,3.77,3.68,3.5,4.66,4.04,3.75,3.56,2.25,7.89,7.04,6.84,3,0.01,0.01,5.1,4,4.35,4.92,4.98,5.02,5.06,5.08,1.82
13-Sep-23,,5.25,7.2,..t,..t,..t,..t,..t,..t,..t,..t,..t,4.9914,4.69,4.43,3.96,3.77,3.68,3.52,4.66,4.03,3.74,3.57,2.25,7.89,7.04,6.84,3.17,0.01,0.01,5.1,4.02,4.35,4.94,4.96,4.98,5.13,5.14,1.84
20-Sep-23,,5.25,7.2,..t,..t,..t,..t,..t,..t,..t,..t,..t,4.9936,4.95,4.68,4.2,4,3.88,3.63,4.9,4.28,3.96,3.7,2.25,7.89,7.04,6.84,3.17,0.01,0.01,5.1,4.02,4.35,4.87,5,5.08,5.18,5.24,1.92
27-Sep-23,,5.25,7.2,..t,..t,..t,..t,..t,..t,..t,..t,..t,4.9906,4.96,4.72,4.33,4.18,4.09,3.87,4.92,4.4,4.15,3.93,2.25,7.79,7.04,6.84,3.17,0.01,0.01,5.1,4.02,4.35,4.9,4.98,5.07,5.18,5.26,2.11
04-Oct-23,,5.25,7.2,..t,..t,..t,..t,..t,..t,..t,..t,..t,4.9851,4.9,4.69,4.33,4.21,4.14,3.91,4.85,4.39,4.19,3.99,2.25,7.84,7.14,7.04,3.17,0.01,0.01,4.92,4.02,4.27,4.92,5.04,5.1,5.09,5.23,2.14
11-Oct-23,,5.25,7.2,..t,..t,..t,..t,..t,..t,..t,..t,..t,4.99,4.75,4.6,4.15,4.02,3.93,3.68,4.78,4.22,3.99,3.75,2.25,8.09,7.14,7.04,3.4,0.01,0.01,4.92,4.02,4.27,4.96,5.02,5.03,5.16,5.22,1.93
18-Oct-23,,5.25,7.2,..t,..t,..t,..t,..t,..t,..t,..t,..t,4.9991,4.9,4.77,4.32,4.19,4.1,3.79,4.93,4.39,4.17,3.88,2.25,8.09,7.14,7.04,3.4,0.01,0.01,4.92,4.02,4.27,4.96,5.05,5.11,5.15,5.16,2.05
25-Oct-23,,5.25,7.2,..t,..t,..t,..t,..t,..t,..t,..t,..t,5.0105,4.73,4.6,4.23,4.16,4.11,3.88,4.77,4.3,4.16,3.96,2.25,8.09,7.14,7.04,3.4,0.01,0.01,4.92,4.02,4.27,4.96,5.05,5.08,5.11,5.12,2.13
01-Nov-23,,5.25,7.2,..t,..t,..t,..t,..t,..t,..t,..t,..t,5.0139,4.53,4.39,3.98,3.93,3.92,3.74,4.57,4.04,3.95,3.81,2.25,8.09,7.24,7.04,3.4,0.01,0.01,4.9,4.02,4.27,4.93,4.92,5.03,4.99,5.01,1.99
08-Nov-23,,5.25,7.2,..t,..t,..t,..t,..t,..t,..t,..t,..t,5.0207,4.47,4.3,3.81,3.76,3.71,3.5,4.48,3.89,3.75,3.57,2.25,8.09,7.24,7.04,3.4,0.01,0.01,4.9,4.02,4.27,4.96,4.9,4.98,5.01,4.96,1.76
15-Nov-23,,5.25,7.2,..t,..t,..t,..t,..t,..t,..t,..t,..t,5.0165,4.51,4.35,3.88,3.82,3.75,3.55,4.52,3.96,3.8,3.62,2.25,8.09,7.24,7.04,3.4,0.01,0.01,4.9,4.02,4.27,4.89,4.91,4.98,5.01,4.9,1.8
22-Nov-23,,5.25,7.2,..t,..t,..t,..t,..t,..t,..t,..t,..t,5.0098,4.4,4.23,3.76,3.69,3.65,3.47,4.41,3.84,3.69,3.53,2.25,8.09,7.24,7.04,3.4,0.01,0.01,4.9,4.02,4.27,4.94,5.02,4.99,5.01,4.87,1.71
29-Nov-23,,5.25,7.2,..t,..t,..t,..t,..t,..t,..t,..t,..t,5.0139,4.17,4,3.6,3.53,3.51,3.34,4.18,3.67,3.53,3.39,2.25,8.09,7.24,7.04,3.4,0.01,0.01,4.9,4.02,4.9,4.94,4.99,5,4.93,4.78,1.59
06-Dec-23,,5.25,7.2,..t,..t,..t,..t,..t,..t,..t,..t,..t,5.0065,4.07,3.89,3.4,3.33,3.3,3.11,4.08,3.48,3.32,3.16,2.25,8.09,7.24,7.04,3.17,0.01,0.01,4.9,4.02,4.27,5.01,5.04,4.93,4.95,4.69,1.4
13-Dec-23,,5.25,7.2,..t,..t,..t,..t,..t,..t,..t,..t,..t,5.0103,3.97,3.79,3.33,3.25,3.24,3.09,3.99,3.4,3.25,3.13,2.25,8.09,7.24,7.04,3.17,0.01,0.01,4.9,4.65,4.65,4.91,4.91,4.98,4.87,4.63,1.44
20-Dec-23,,5.25,7.2,..t,..t,..t,..t,..t,..t,..t,..t,..t,5.0194,3.91,3.71,3.18,3.1,3.06,2.9,3.94,3.26,3.08,2.93,2.25,7.89,7.24,7.04,3.17,0.01,0.01,4.65,4,4.3,4.94,4.89,4.99,4.94,4.64,1.26
27-Dec-23,,5.25,7.2,..t,..t,..t,..t,..t,..t,..t,..t,..t,5.0218,3.91,3.7,3.18,3.1,3.06,2.96,3.94,3.26,3.08,3,2.25,7.89,7.14,7.04,3.17,0.01,0.01,4.65,4,3.9,4.93,4.84,4.89,4.92,4.58,1.36
03-Jan-24,,5.25,7.2,..t,..t,..t,..t,..t,..t,..t,..t,..t,5.0302,3.96,3.75,3.24,3.16,3.14,3.07,3.99,3.32,3.15,3.1,2.25,7.89,7.14,7.04,3.17,0.01,0.01,4.65,4.4,3.9,4.93,4.88,4.94,4.94,4.68,1.44
10-Jan-24,,5.25,7.2,..t,..t,..t,..t,..t,..t,..t,..t,..t,5.0228,4.04,3.81,3.36,3.28,3.27,3.18,4.06,3.44,3.28,3.21,2.25,7.84,7.14,7.04,3.17,0.01,0.01,4.65,4,3.9,4.9,4.93,4.92,4.81,4.7,1.56
17-Jan-24,,5.25,7.2,..t,..t,..t,..t,..t,..t,..t,..t,..t,5.0286,4.04,3.82,3.51,3.42,3.44,3.37,4.22,3.58,3.44,3.4,2.25,7.84,7.05,6.89,3.17,0.01,0.01,4.65,3.92,4.15,4.97,5,4.97,4.88,4.74,1.75
24-Jan-24,,5.25,7.2,..t,..t,..t,..t,..t,..t,..t,..t,..t,5.0269,4.02,3.8,3.55,3.46,3.49,3.46,4.2,3.6,3.48,3.48,2.25,7.84,7.04,6.89,3.45,0.01,0.01,4.6,3.92,3.95,5.05,5.05,4.97,4.85,4.82,1.83
31-Jan-24,,5.25,7.2,..t,..t,..t,..t,..t,..t,..t,..t,..t,5.0299,4,3.77,3.43,3.32,3.35,3.27,4.17,3.5,3.35,3.31,2.25,7.84,7.04,6.89,3.45,0.01,0.01,4.6,3.92,3.95,5.06,4.91,4.94,4.98,4.83,1.63
07-Feb-24,,5.25,7.2,..t,..t,..t,..t,..t,..t,..t,..t,..t,5.0235,4.12,3.9,3.57,3.45,3.47,3.37,4.26,3.64,3.47,3.4,2.25,7.84,6.99,6.79,3.45,0.01,0.01,4.6,3.92,3.95,4.84,4.96,4.96,4.89,4.71,1.69
14-Feb-24,,5.25,7.2,..t,..t,..t,..t,..t,..t,..t,..t,..t,5.0203,4.25,4.02,3.69,3.55,3.55,3.42,4.37,3.76,3.58,3.45,2.25,7.84,6.99,6.84,3.45,0.01,0.01,4.6,3.92,3.95,4.93,4.91,4.96,4.97,4.79,1.71
21-Feb-24,,5.25,7.2,..t,..t,..t,..t,..t,..t,..t,..t,..t,5.0175,4.18,3.95,3.61,3.53,3.54,3.42,4.3,3.72,3.55,3.46,2.25,7.84,6.99,6.84,3.45,0.01,0.01,4.6,3.92,3.95,4.95,4.97,4.98,4.91,4.79,1.7
28-Feb-24,,5.25,7.2,..t,..t,..t,..t,..t,..t,..t,..t,..t,5.0017,4.19,3.95,3.6,3.52,3.52,3.4,4.3,3.69,3.54,3.36,2.25,7.84,6.99,6.84,3.45,0.01,0.01,4.6,3.92,3.95,4.94,4.95,4.96,4.76,4.79,1.66
06-Mar-24,,5.25,7.2,..t,..t,..t,..t,..t,..t,..t,..t,..t,5.0013,4.07,3.82,3.43,3.35,3.34,3.23,4.1,3.49,3.36,3.27,2.25,7.84,6.99,6.84,3.45,0.01,0.01,4.6,3.92,3.95,4.88,4.9,4.91,4.88,4.68,1.49
13-Mar-24,,5.25,7.2,..t,..t,..t,..t,..t,..t,..t,..t,..t,5.0014,4.14,3.89,3.5,3.41,3.42,3.33,4.18,3.56,3.43,3.36,2.25,7.84,6.99,6.84,3.45,0.01,0.01,4.6,3.92,3.95,4.8,4.88,4.86,4.86,4.68,1.58
20-Mar-24,,5.25,7.2,..t,..t,..t,..t,..t,..t,..t,..t,..t,5.0025,4.12,3.86,3.52,3.44,3.48,3.4,4.14,3.57,3.47,3.43,2.25,7.84,6.99,6.84,3.45,0.01,0.01,4.6,3.92,3.95,4.93,4.92,4.95,4.9,4.69,1.58
27-Mar-24,,5.25,7.2,..t,..t,..t,..t,..t,..t,..t,..t,..t,5.005,4.13,3.87,3.5,3.41,3.44,3.35,4.16,3.55,3.43,3.38,2.25,7.84,6.99,6.84,3.45,0.01,0.01,4.6,3.92,3.95,4.97,4.99,4.99,4.9,4.71,1.51
03-Apr-24,,5.25,7.2,..t,..t,..t,..t,..t,..t,..t,..t,..t,5.0107,4.22,3.97,3.62,3.58,3.59,3.5,4.23,3.67,3.57,3.53,2.25,7.84,6.99,6.84,3.45,0.01,0.01,4.6,3.92,3.95,4.98,4.94,4.98,4.91,4.71,1.63
10-Apr-24,,5.25,7.2,..t,..t,..t,..t,..t,..t,..t,..t,..t,4.9964,4.35,4.11,3.74,3.68,3.69,3.57,4.36,3.79,3.68,3.61,2.25,7.84,6.99,6.84,3.45,0.01,0.01,4.6,3.92,3.95,4.93,4.93,4.92,4.89,4.75,1.68
17-Apr-24,,5.25,7.2,..t,..t,..t,..t,..t,..t,..t,..t,..t,5.002,4.19,4.07,3.73,3.67,3.69,3.61,4.3,3.77,3.67,3.64,2.25,7.84,6.99,6.84,3.45,0.01,0.01,4.6,3.92,3.95,4.89,4.88,4.89,4.86,4.71,1.74
24-Apr-24,,5.25,7.2,..t,..t,..t,..t,..t,..t,..t,..t,..t,4.9973,4.27,4.16,3.82,3.77,3.79,3.7,4.38,3.86,3.77,3.73,2.25,7.84,6.99,6.84,3.45,0.01,0.01,4.4,3.92,3.95,4.91,4.92,4.91,4.86,4.75,1.83
01-May-24,,5.25,7.2,..t,..t,..t,..t,..t,..t,..t,..t,..t,4.9971,4.3,4.18,3.81,3.76,3.76,3.63,4.4,3.86,3.75,3.67,2.25,7.84,6.99,6.84,3.45,0.01,0.01,4.4,3.92,3.95,4.96,4.93,4.93,4.86,4.76,1.78
08-May-24,,5.25,7.2,..t,..t,..t,..t,..t,..t,..t,..t,..t,5.0024,4.19,4.06,3.68,3.62,3.63,3.51,4.27,3.75,3.62,3.55,2.25,7.84,6.99,6.84,3.45,0.01,0.01,4.4,3.92,3.95,4.91,4.91,4.9,4.8,4.66,1.66
15-May-24,,5.25,7.2,..t,..t,..t,..t,..t,..t,..t,..t,..t,5.0017,4.18,4.03,3.64,3.58,3.57,3.44,4.25,3.71,3.57,3.48,2.25,7.84,6.99,6.84,3.45,0.01,0.01,4,3.92,3.95,4.86,4.88,4.87,4.82,4.68,1.59
22-May-24,,5.25,7.2,..t,..t,..t,..t,..t,..t,..t,..t,..t,5.0034,4.19,4.05,3.66,3.6,3.59,3.46,4.27,3.73,3.59,3.5,2.25,7.84,6.99,6.84,3.45,0.01,0.01,4,3.92,3.95,4.82,4.84,4.83,4.72,4.63,1.62
29-May-24,,5.25,7.2,..t,..t,..t,..t,..t,..t,..t,..t,..t,5.0025,4.31,4.18,3.81,3.77,3.75,3.61,4.39,3.88,3.76,3.65,2.25,7.84,6.99,6.84,3.45,0.01,0.01,4,3.92,3.95,4.83,4.82,4.81,4.79,4.67,1.77
05-Jun-24,,5.25,7.2,..t,..t,..t,..t,..t,..t,..t,..t,..t,5.0092,3.93,3.79,3.41,3.37,3.38,3.28,3.96,3.43,3.37,3.32,2.25,7.84,6.99,6.84,3.45,0.01,0.01,4,3.92,3.95,4.71,4.68,4.66,4.65,4.5,1.47
12-Jun-24,,5,6.95,..t,..t,..t,..t,..t,..t,..t,..t,..t,4.7604,3.91,3.77,3.41,3.36,3.39,3.34,3.94,3.42,3.37,3.37,2.25,7.84,6.99,6.84,3.45,0.01,0.01,4,3.92,3.95,4.67,4.66,4.65,4.53,4.4,1.54
19-Jun-24,,5,6.95,..t,..t,..t,..t,..t,..t,..t,..t,..t,4.7668,3.85,3.7,3.31,3.26,3.29,3.21,3.88,3.33,3.27,3.25,2.25,7.84,6.99,6.84,3.45,0.01,0.01,4,3.9,3.95,4.73,4.61,4.64,4.54,4.35,1.43
26-Jun-24,,5,6.95,..t,..t,..t,..t,..t,..t,..t,..t,..t,4.7635,4.04,3.88,3.51,3.48,3.47,3.35,4.06,3.53,3.47,3.39,2.25,7.84,6.99,6.84,3.45,0.01,0.01,4,3.9,3.95,4.66,4.64,4.64,4.61,4.44,1.56
03-Jul-24,,5,6.95,..t,..t,..t,..t,..t,..t,..t,..t,..t,4.7719,4.03,3.87,3.57,3.55,3.57,3.47,4.05,3.58,3.55,3.5,2.25,7.84,6.95,6.79,3.45,0.01,0.01,4,3.9,3.95,4.68,4.63,4.62,4.62,4.46,1.65
10-Jul-24,,5,6.95,..t,..t,..t,..t,..t,..t,..t,..t,..t,4.7727,3.92,3.75,3.46,3.44,3.47,3.4,3.94,3.47,3.45,3.42,2.25,7.74,6.94,6.79,3.45,0.01,0.01,4,3.9,3.95,4.63,4.61,4.6,4.5,4.39,1.59
17-Jul-24,,5,6.95,..t,..t,..t,..t,..t,..t,..t,..t,..t,4.772,3.79,3.61,3.31,3.3,3.34,3.32,3.81,3.32,3.31,3.33,2.25,7.74,6.94,6.79,3.45,0.01,0.01,4,3.9,3.95,4.63,4.54,4.5,4.4,4.28,1.5
24-Jul-24,,5,6.95,..t,..t,..t,..t,..t,..t,..t,..t,..t,4.764,3.63,3.56,3.3,3.32,3.39,3.42,3.77,3.3,3.34,3.43,2.25,7.74,6.94,6.79,3.45,0.01,0.01,4,3.9,3.95,4.47,4.45,4.43,4.35,4.18,1.61
31-Jul-24,,4.75,6.7,..t,..t,..t,..t,..t,..t,..t,..t,..t,4.508,3.46,3.35,3.09,3.11,3.18,3.22,3.59,3.1,3.12,3.23,2.25,7.74,6.94,6.79,3.45,0.01,0.01,4,3.9,3.85,4.48,4.45,4.39,4.29,4.06,1.44
07-Aug-24,,4.75,6.7,..t,..t,..t,..t,..t,..t,..t,..t,..t,4.5119,3.31,3.2,3.03,3.06,3.15,3.23,3.42,3.02,3.08,3.23,2.25,7.74,6.94,6.79,3.15,0.01,0.01,4,3.65,3.62,4.36,4.33,4.27,4.15,3.88,1.49
14-Aug-24,,4.75,6.7,..t,..t,..t,..t,..t,..t,..t,..t,..t,4.5116,3.23,3.13,2.91,2.94,3.01,3.1,3.34,2.91,2.95,3.1,2.25,7.74,6.94,6.79,3.15,0.01,0.01,3.9,3.52,3.5,4.39,4.26,4.25,4.12,3.82,1.39
21-Aug-24,,4.75,6.7,..t,..t,..t,..t,..t,..t,..t,..t,..t,4.5132,3.25,3.15,2.92,2.93,3.01,3.09,3.36,2.92,2.94,3.09,2.25,7.64,6.75,6.59,3.15,0.01,0.01,3.9,3.52,3.5,4.3,4.24,4.22,4.06,3.73,1.39
28-Aug-24,,4.75,6.7,..t,..t,..t,..t,..t,..t,..t,..t,..t,4.5149,3.27,3.17,2.97,3,3.08,3.18,3.39,2.96,3.01,3.18,2.25,7.64,6.75,6.59,3.15,0.01,0.01,3.9,3.52,3.5,4.27,4.21,4.19,4.05,3.75,1.48
04-Sep-24,,4.75,6.7,..t,..t,..t,..t,..t,..t,..t,..t,..t,4.5209,3.15,3.05,2.86,2.89,2.99,3.13,3.18,2.84,2.91,3.12,2.25,7.64,6.75,6.59,3.15,0.01,0.01,3.9,3.52,3.5,4.12,4.09,4.06,3.95,3.66,1.44
11-Sep-24,,4.5,6.45,..t,..t,..t,..t,..t,..t,..t,..t,..t,4.2703,3.02,2.95,2.75,2.81,2.91,3.08,3.08,2.74,2.83,3.07,2.25,7.44,6.74,6.79,2.9,0.01,0.01,3.75,3.4,3.35,4.2,4.1,4.06,3.8,3.54,1.45
18-Sep-24,,4.5,6.45,..t,..t,..t,..t,..t,..t,..t,..t,..t,4.2719,2.93,2.86,2.74,2.8,2.93,3.13,2.98,2.71,2.83,3.11,2.25,7.44,6.64,6.49,2.9,0.01,0.01,3.75,3.4,3.35,4.16,4.08,4.03,3.73,3.35,1.49
25-Sep-24,,4.5,6.45,..t,..t,..t,..t,..t,..t,..t,..t,..t,4.2662,2.95,2.88,2.79,2.88,3.01,3.2,3,2.76,2.9,3.17,2.25,7.24,6.54,6.49,2.8,0.01,0.01,3.65,3.3,3.3,4.17,4.08,4.02,3.73,3.33,1.55
02-Oct-24,,4.5,6.45,..t,..t,..t,..t,..t,..t,..t,..t,..t,4.2693,2.98,2.91,2.8,2.88,3.02,3.2,3,2.77,2.91,3.18,2.25,7.24,6.54,6.49,2.8,0.01,0.01,3.65,3.3,3.3,4.08,4,3.91,3.71,3.34,1.54
09-Oct-24,,4.5,6.45,..t,..t,..t,..t,..t,..t,..t,..t,..t,4.2715,3.25,3.18,3.07,3.15,3.25,3.36,3.25,3.04,3.17,3.35,2.25,7.24,6.54,6.49,2.8,0.01,0.01,3.65,3.1,3.3,4.07,3.96,3.89,3.76,3.55,1.63
